,Discipline,Event,Gold,Country,Silver,Country,Bronze,Country,event_n,event_year
0,Alpine Skiing,"Downhill, Men",Beat Feuz,SUI,Johan Clarey,FRA,Matthias Mayer,AUT,XXIV,2022
1,Alpine Skiing,"Super G, Men",Matthias Mayer,AUT,Ryan Cochran-Siegle,USA,Aleksander Aamodt Kilde,NOR,XXIV,2022
2,Alpine Skiing,"Giant Slalom, Men",Marco Odermatt,SUI,Žan Kranjec,SLO,Mathieu Faivre,FRA,XXIV,2022
3,Alpine Skiing,"Slalom, Men",Clément Noël,FRA,Johannes Strolz,AUT,Sebastian Foss Solevåg,NOR,XXIV,2022
4,Alpine Skiing,"Combined, Men",Johannes Strolz,AUT,Aleksander Aamodt Kilde,NOR,Jack Crawford,CAN,XXIV,2022
5,Alpine Skiing,"Downhill, Women",Corinne Suter,SUI,Sofia Goggia,ITA,Nadia Delago,ITA,XXIV,2022
6,Alpine Skiing,"Super G, Women",Lara Gut-Behrami,SUI,Mirjam Puchner,AUT,Michelle Gisin,SUI,XXIV,2022
7,Alpine Skiing,"Giant Slalom, Women",Sara Hector,SWE,Federica Brignone,ITA,Lara Gut-Behrami,SUI,XXIV,2022
8,Alpine Skiing,"Slalom, Women",Petra Vlhová,SVK,Katharina Liensberger,AUT,Wendy Holdener,SUI,XXIV,2022
9,Alpine Skiing,"Combined, Women",Michelle Gisin,SUI,Wendy Holdener,SUI,Federica Brignone,ITA,XXIV,2022
10,Alpine Skiing,"Team, Mixed",Austria,AUT,Germany,GER,Norway,NOR,XXIV,2022
0,Biathlon,"10 kilometres Sprint, Men",Johannes Thingnes Bø,NOR,Quentin Fillon Maillet,FRA,Tarjei Bø,NOR,XXIV,2022
1,Biathlon,"12.5 kilometres Pursuit, Men",Quentin Fillon Maillet,FRA,Tarjei Bø,NOR,Eduard Latypov,ROC,XXIV,2022
2,Biathlon,"15 kilometres Mass Start, Men",Johannes Thingnes Bø,NOR,Martin Ponsiluoma,SWE,Vetle Sjåstad Christiansen,NOR,XXIV,2022
3,Biathlon,"20 kilometres, Men",Quentin Fillon Maillet,FRA,Anton Smolski,BLR,Johannes Thingnes Bø,NOR,XXIV,2022
4,Biathlon,"4 × 7.5 kilometres Relay, Men",Norway,NOR,France,FRA,ROC,ROC,XXIV,2022
5,Biathlon,"7.5 kilometres Sprint, Women",Marte Olsbu Røiseland,NOR,Elvira Öberg,SWE,Dorothea Wierer,ITA,XXIV,2022
6,Biathlon,"10 kilometres Pursuit, Women",Marte Olsbu Røiseland,NOR,Elvira Öberg,SWE,Tiril Eckhoff,NOR,XXIV,2022
7,Biathlon,"12.5 kilometres Mass Start, Women",Justine Braisaz-Bouchet,FRA,Tiril Eckhoff,NOR,Marte Olsbu Røiseland,NOR,XXIV,2022
8,Biathlon,"15 kilometres, Women",Denise Herrmann,GER,Anaïs Chevalier-Bouchet,FRA,Marte Olsbu Røiseland,NOR,XXIV,2022
9,Biathlon,"4 × 6 kilometres Relay, Women",Sweden,SWE,ROC,ROC,Germany,GER,XXIV,2022
10,Biathlon,"2 × 6 kilometres and 2 × 7.5 kilometres Relay, Mixed",Norway,NOR,France,FRA,ROC,ROC,XXIV,2022
0,Bobsleigh,"Two, Men",Germany 1,GER,Germany 2,GER,Germany 3,GER,XXIV,2022
1,Bobsleigh,"Four, Open",Germany 1,GER,Germany 2,GER,Canada 1,CAN,XXIV,2022
2,Bobsleigh,"Two, Women",Germany 1,GER,Germany 2,GER,United States 2,USA,XXIV,2022
3,Bobsleigh,"Monobob, Women",United States,USA,United States,USA,Canada,CAN,XXIV,2022
0,Cross Country Skiing,"Sprint, Men",Johannes Høsflot Klæbo,NOR,Federico Pellegrino,ITA,Aleksandr Terentyev,ROC,XXIV,2022
1,Cross Country Skiing,"15 kilometres, Men",Iivo Niskanen,FIN,Aleksandr Bolshunov,ROC,Johannes Høsflot Klæbo,NOR,XXIV,2022
2,Cross Country Skiing,"50 kilometres, Men",Aleksandr Bolshunov,ROC,Ivan Yakimushkin,ROC,Simen Hegstad Krüger,NOR,XXIV,2022
3,Cross Country Skiing,"30 kilometres Skiathlon, Men",Aleksandr Bolshunov,ROC,Denis Spitsov,ROC,Iivo Niskanen,FIN,XXIV,2022
4,Cross Country Skiing,"4 × 10 kilometres Relay, Men",ROC,ROC,Norway,NOR,France,FRA,XXIV,2022
5,Cross Country Skiing,"Team Sprint, Men",Norway,NOR,Finland,FIN,ROC,ROC,XXIV,2022
6,Cross Country Skiing,"Sprint, Women",Jonna Sundling,SWE,Maja Dahlqvist,SWE,Jessie Diggins,USA,XXIV,2022
7,Cross Country Skiing,"10 kilometres, Women",Therese Johaug,NOR,Kerttu Niskanen,FIN,Krista Pärmäkoski,FIN,XXIV,2022
8,Cross Country Skiing,"30 kilometres, Women",Therese Johaug,NOR,Jessie Diggins,USA,Kerttu Niskanen,FIN,XXIV,2022
9,Cross Country Skiing,"15 kilometres Skiathlon, Women",Therese Johaug,NOR,Nataliya Nepryayeva,ROC,Teresa Stadlober,AUT,XXIV,2022
10,Cross Country Skiing,"4 × 5 kilometres Relay, Women",ROC,ROC,Germany,GER,Sweden,SWE,XXIV,2022
11,Cross Country Skiing,"Team Sprint, Women",Germany,GER,Sweden,SWE,ROC,ROC,XXIV,2022
0,Curling,"Curling, Men",Sweden,SWE,Great Britain,GBR,Canada,CAN,XXIV,2022
1,Curling,"Curling, Women",Great Britain,GBR,Japan,JPN,Sweden,SWE,XXIV,2022
2,Curling,"Mixed Doubles, Mixed",Italy,ITA,Norway,NOR,Sweden,SWE,XXIV,2022
0,Figure Skating,"Singles, Men",Nathan Chen,USA,Yuma Kagiyama,JPN,Shoma Uno,JPN,XXIV,2022
1,Figure Skating,"Singles, Women",Anna Shcherbakova,ROC,Aleksandra Trusova,ROC,Kaori Sakamoto,JPN,XXIV,2022
2,Figure Skating,"Pairs, Mixed",People's Republic of China 1,CHN,ROC 1,ROC,ROC 2,ROC,XXIV,2022
3,Figure Skating,"Ice Dancing, Mixed",France,FRA,ROC 1,ROC,United States 1,USA,XXIV,2022
4,Figure Skating,"Team, Mixed",ROC,ROC,United States,USA,Japan,JPN,XXIV,2022
0,Freestyle Skiing,"Moguls, Men",Walter Wallberg,SWE,Mikaël Kingsbury,CAN,Ikuma Horishima,JPN,XXIV,2022
1,Freestyle Skiing,"Aerials, Men",Qi Guangpu,CHN,Oleksandr Abramenko,UKR,Ilya Burov,ROC,XXIV,2022
2,Freestyle Skiing,"Ski Cross, Men",Ryan Regez,SUI,Alex Fiva,SUI,Sergey Ridzik,ROC,XXIV,2022
3,Freestyle Skiing,"Halfpipe, Men",Nico Porteous,NZL,David Wise,USA,Alex Ferreira,USA,XXIV,2022
4,Freestyle Skiing,"Slopestyle, Men",Alex Hall,USA,Nick Goepper,USA,Jesper Tjäder,SWE,XXIV,2022
5,Freestyle Skiing,"Big Air, Men",Birk Ruud,NOR,Colby Stevenson,USA,Henrik Harlaut,SWE,XXIV,2022
6,Freestyle Skiing,"Moguls, Women",Jakara Anthony,AUS,Jaelin Kauf,USA,Anastasiya Smirnova,ROC,XXIV,2022
7,Freestyle Skiing,"Aerials, Women",Xu Mengtao,CHN,Hanna Huskova,BLR,Megan Nick,USA,XXIV,2022
8,Freestyle Skiing,"Ski Cross, Women",Sandra Näslund,SWE,Marielle Thompson,CAN,Daniela MaierFanny Smith,GERSUI,XXIV,2022
9,Freestyle Skiing,"Halfpipe, Women",Eileen Gu,CHN,Cassie Sharpe,CAN,Rachael Karker,CAN,XXIV,2022
10,Freestyle Skiing,"Slopestyle, Women",Mathilde Gremaud,SUI,Eileen Gu,CHN,Kelly Sildaru,EST,XXIV,2022
11,Freestyle Skiing,"Big Air, Women",Eileen Gu,CHN,Tess Ledeux,FRA,Mathilde Gremaud,SUI,XXIV,2022
12,Freestyle Skiing,"Team Aerials, Mixed",United States,USA,People's Republic of China,CHN,Canada,CAN,XXIV,2022
0,Ice Hockey,"Ice Hockey, Men",Finland,FIN,ROC,ROC,Slovakia,SVK,XXIV,2022
1,Ice Hockey,"Ice Hockey, Women",Canada,CAN,United States,USA,Finland,FIN,XXIV,2022
0,Luge,"Singles, Men",Johannes Ludwig,GER,Wolfgang Kindl,AUT,Dominik Fischnaller,ITA,XXIV,2022
1,Luge,"Doubles, Open",Germany,GER,Germany,GER,Austria,AUT,XXIV,2022
2,Luge,"Singles, Women",Natalie Geisenberger,GER,Anna Berreiter,GER,Tatyana Ivanova,ROC,XXIV,2022
3,Luge,"Team Relay, Mixed",Germany,GER,Austria,AUT,Latvia,LAT,XXIV,2022
0,Nordic Combined,"Normal Hill / 10 km, Individual, Men",Vinzenz Geiger,GER,Jørgen Graabak,NOR,Lukas Greiderer,AUT,XXIV,2022
1,Nordic Combined,"Large Hill / 10 km, Individual, Men",Jørgen Graabak,NOR,Jens Lurås Oftebro,NOR,Akito Watabe,JPN,XXIV,2022
2,Nordic Combined,"Team, Men",Norway,NOR,Germany,GER,Japan,JPN,XXIV,2022
0,Short Track,"500 metres, Men",Shaoang Liu,HUN,Konstantin Ivliyev,ROC,Steven Dubois,CAN,XXIV,2022
1,Short Track,"1,000 metres, Men",Ren Ziwei,CHN,Li Wenlong,CHN,Shaoang Liu,HUN,XXIV,2022
2,Short Track,"1,500 metres, Men",Hwang Dae-Heon,KOR,Steven Dubois,CAN,Semyon Yelistratov,ROC,XXIV,2022
3,Short Track,"5,000 metres Relay, Men",Canada,CAN,Republic of Korea,KOR,Italy,ITA,XXIV,2022
4,Short Track,"500 metres, Women",Arianna Fontana,ITA,Suzanne Schulting,NED,Kim Boutin,CAN,XXIV,2022
5,Short Track,"1,000 metres, Women",Suzanne Schulting,NED,Choi Min-Jeong,KOR,Hanne Desmet,BEL,XXIV,2022
6,Short Track,"1,500 metres, Women",Choi Min-Jeong,KOR,Arianna Fontana,ITA,Suzanne Schulting,NED,XXIV,2022
7,Short Track,"3,000 metres Relay, Women",Netherlands,NED,Republic of Korea,KOR,People's Republic of China,CHN,XXIV,2022
8,Short Track,"2,000 metres Relay, Mixed",People's Republic of China,CHN,Italy,ITA,Hungary,HUN,XXIV,2022
0,Skeleton,"Skeleton, Men",Christopher Grotheer,GER,Axel Jungk,GER,Yan Wengang,CHN,XXIV,2022
1,Skeleton,"Skeleton, Women",Hannah Neise,GER,Jackie Narracott,AUS,Kimberley Bos,NED,XXIV,2022
0,Ski Jumping,"Normal Hill, Individual, Men",Ryoyu Kobayashi,JPN,Manuel Fettner,AUT,Dawid Kubacki,POL,XXIV,2022
1,Ski Jumping,"Large Hill, Individual, Men",Marius Lindvik,NOR,Ryoyu Kobayashi,JPN,Karl Geiger,GER,XXIV,2022
2,Ski Jumping,"Large Hill, Team, Men",Austria,AUT,Slovenia,SLO,Germany,GER,XXIV,2022
3,Ski Jumping,"Normal Hill, Individual, Women",Urša Bogataj,SLO,Katharina Althaus,GER,Nika Križnar,SLO,XXIV,2022
4,Ski Jumping,"Normal Hill, Team, Mixed",Slovenia,SLO,ROC,ROC,Canada,CAN,XXIV,2022
0,Snow Boarding,"Parallel Giant Slalom, Men",Benjamin Karl,AUT,Tim Mastnak,SLO,Vic Wild,ROC,XXIV,2022
1,Snow Boarding,"Slopestyle, Men",Max Parrot,CAN,Su Yiming,CHN,Mark McMorris,CAN,XXIV,2022
2,Snow Boarding,"Halfpipe, Men",Ayumu Hirano,JPN,Scotty James,AUS,Jan Scherrer,SUI,XXIV,2022
3,Snow Boarding,"Cross, Men",Alessandro Hämmerle,AUT,Éliot Grondin,CAN,Omar Visintin,ITA,XXIV,2022
4,Snow Boarding,"Big Air, Men",Su Yiming,CHN,Mons Røisland,NOR,Max Parrot,CAN,XXIV,2022
5,Snow Boarding,"Parallel Giant Slalom, Women",Ester Ledecká,CZE,Daniela Ulbing,AUT,Gloria Kotnik,SLO,XXIV,2022
6,Snow Boarding,"Slopestyle, Women",Zoi Sadowski-Synnott,NZL,Julia Marino,USA,Tess Coady,AUS,XXIV,2022
7,Snow Boarding,"Halfpipe, Women",Chloe Kim,USA,Queralt Castellet,ESP,Sena Tomita,JPN,XXIV,2022
8,Snow Boarding,"Cross, Women",Lindsey Jacobellis,USA,Chloé Trespeuch,FRA,Meryeta O'Dine,CAN,XXIV,2022
9,Snow Boarding,"Big Air, Women",Anna Gasser,AUT,Zoi Sadowski-Synnott,NZL,Kokomo Murase,JPN,XXIV,2022
10,Snow Boarding,"Team Cross, Mixed",United States 1,USA,Italy 1,ITA,Canada 1,CAN,XXIV,2022
0,Speed Skating,"500 metres, Men",Gao Tingyu,CHN,Cha Min-Gyu,KOR,Wataru Morishige,JPN,XXIV,2022
1,Speed Skating,"1,000 metres, Men",Thomas Krol,NED,Laurent Dubreuil,CAN,Håvard Holmefjord Lorentzen,NOR,XXIV,2022
2,Speed Skating,"1,500 metres, Men",Kjeld Nuis,NED,Thomas Krol,NED,Kim Min-Seok,KOR,XXIV,2022
3,Speed Skating,"5,000 metres, Men",Nils van der Poel,SWE,Patrick Roest,NED,Hallgeir Engebråten,NOR,XXIV,2022
4,Speed Skating,"10,000 metres, Men",Nils van der Poel,SWE,Patrick Roest,NED,Davide Ghiotto,ITA,XXIV,2022
5,Speed Skating,"Mass Start, Men",Bart Swings,BEL,Jeong Jae-Won,KOR,Lee Seung-Hun,KOR,XXIV,2022
6,Speed Skating,"Team Pursuit (8 laps), Men",Norway,NOR,ROC,ROC,United States,USA,XXIV,2022
7,Speed Skating,"500 metres, Women",Erin Jackson,USA,Miho Takagi,JPN,Angelina Golikova,ROC,XXIV,2022
8,Speed Skating,"1,000 metres, Women",Miho Takagi,JPN,Jutta Leerdam,NED,Brittany Bowe,USA,XXIV,2022
9,Speed Skating,"1,500 metres, Women",Ireen Wüst,NED,Miho Takagi,JPN,Antoinette de Jong,NED,XXIV,2022
10,Speed Skating,"3,000 metres, Women",Irene Schouten,NED,Francesca Lollobrigida,ITA,Isabelle Weidemann,CAN,XXIV,2022
11,Speed Skating,"5,000 metres, Women",Irene Schouten,NED,Isabelle Weidemann,CAN,Martina Sáblíková,CZE,XXIV,2022
12,Speed Skating,"Mass Start, Women",Irene Schouten,NED,Ivanie Blondin,CAN,Francesca Lollobrigida,ITA,XXIV,2022
13,Speed Skating,"Team Pursuit (6 laps), Women",Canada,CAN,Japan,JPN,Netherlands,NED,XXIV,2022
